# Name,      Type, SubType,   Offset,    Size, Flags
# Note: if you have increased the bootloader size, make sure to update the offsets to avoid overlap
nvs,         data, nvs,       0x9000,    0x6000
phy_init,    data, phy,       0xf000,    0x1000
factory,     app,  factory,   0x10000,   4352K
www,         data, spiffs,    0x450000,  3M
ota_0,       app,  ota_0,     0x750000,  4352K
ota_1,       app,  ota_1,     0xB90000,  4352K
otadata,     data, ota,       0xFD0000,  8k
coredump,    data, coredump,  0xFD2000,  64K
